{
  "accuracy": 0.9866369710467706,
  "roc_auc": 0.9987834252644026,
  "avg_precision": 0.9989734854490067,
  "report": {
    "REAL": {
      "precision": 0.9827458256029684,
      "recall": 0.9893537542024654,
      "f1-score": 0.9860387192851824,
      "support": 5354.0
    },
    "FAKE": {
      "precision": 0.9902313624678664,
      "recall": 0.9841594276954522,
      "f1-score": 0.9871860584315736,
      "support": 5871.0
    },
    "accuracy": 0.9866369710467706,
    "macro avg": {
      "precision": 0.9864885940354173,
      "recall": 0.9867565909489588,
      "f1-score": 0.986612388858378,
      "support": 11225.0
    },
    "weighted avg": {
      "precision": 0.9866609781137761,
      "recall": 0.9866369710467706,
      "f1-score": 0.9866388108779185,
      "support": 11225.0
    }
  }
}